Noise_Type,Filter,Kernel_Size,Noise Level,MSE,PSNR,Time (s),Edge Preservation
Gaussian Noise,Box,3,High,3542.3688865796003,12.637865761583662,0.011489152908325195,0
Gaussian Noise,Gaussian,3,High,3876.682636374893,12.246201118113493,0.024646759033203125,0
Gaussian Noise,Median,3,High,7061.515008305895,9.64182474382472,0.0302889347076416,0
Gaussian Noise,Bilateral,3,High,12303.377947838182,7.230559955505606,0.03930401802062988,0
Gaussian Noise,Adaptive Mean,3,High,3540.261224497042,12.640450524658497,59.14072632789612,0
Gaussian Noise,Adaptive Median,3,High,7061.515008305895,9.64182474382472,131.07928609848022,0
Gaussian Noise,Box,5,High,2765.35983053578,13.713287108515944,0.01399993896484375,0
Gaussian Noise,Gaussian,5,High,3122.2495113657396,13.186127545568215,0.03888821601867676,0
Gaussian Noise,Median,5,High,3727.9822903366253,12.416065202834313,0.027422189712524414,0
Gaussian Noise,Bilateral,5,High,11703.624401134555,7.447599851337829,0.08085155487060547,0
Gaussian Noise,Adaptive Mean,5,High,2763.08189350436,13.716866039390998,61.51985239982605,0
Gaussian Noise,Adaptive Median,5,High,3726.915576004818,12.4173080586307,127.89166617393494,0
Gaussian Noise,Box,7,High,2590.5440731682097,13.996893754893442,0.010006904602050781,0
Gaussian Noise,Gaussian,7,High,2749.006650707277,13.739045703289246,0.004943370819091797,0
Gaussian Noise,Median,7,High,2339.960701667259,14.438717971297216,0.44603991508483887,0
Gaussian Noise,Bilateral,7,High,11505.042087342597,7.521921491394572,0.027309894561767578,0
Gaussian Noise,Adaptive Mean,7,High,2588.2453611921433,14.000749165525242,53.387526988983154,0
Gaussian Noise,Adaptive Median,7,High,2337.5469036742543,14.443200269693259,120.52569842338562,0
Salt-and-Pepper Noise,Box,3,High,4787.9090770803905,11.32934466355174,0.012997865676879883,0
Salt-and-Pepper Noise,Gaussian,3,High,5181.244239796487,10.986462957964306,0.002977132797241211,0
Salt-and-Pepper Noise,Median,3,High,11468.168326736106,7.535863020873466,0.005002021789550781,0
Salt-and-Pepper Noise,Bilateral,3,High,15955.079516460672,6.101813879087956,0.016588687896728516,0
Salt-and-Pepper Noise,Adaptive Mean,3,High,4785.1262868811245,11.331869569009474,55.02762579917908,0
Salt-and-Pepper Noise,Adaptive Median,3,High,11468.168326736106,7.535863020873466,117.67087817192078,0
Salt-and-Pepper Noise,Box,5,High,3849.8156802556696,12.27640423817621,0.014971494674682617,0
Salt-and-Pepper Noise,Gaussian,5,High,4294.268620249519,11.801911534078108,0.004034280776977539,0
Salt-and-Pepper Noise,Median,5,High,6871.355335078392,9.760379532855868,0.021982431411743164,0
Salt-and-Pepper Noise,Bilateral,5,High,15711.564711419529,6.168609223781438,0.04903721809387207,0
Salt-and-Pepper Noise,Adaptive Mean,5,High,3846.735390235037,12.279880478424069,56.241029024124146,0
Salt-and-Pepper Noise,Adaptive Median,5,High,6870.346097183629,9.761017454515818,117.49276542663574,0
Salt-and-Pepper Noise,Box,7,High,3615.9299077231285,12.5486035747833,0.011030435562133789,0
Salt-and-Pepper Noise,Gaussian,7,High,3841.7160657707927,12.285550970693839,0.005052804946899414,0
Salt-and-Pepper Noise,Median,7,High,3822.4773011411676,12.307354457288518,0.3379652500152588,0
Salt-and-Pepper Noise,Bilateral,7,High,15631.871631097554,6.190693809040933,0.0338590145111084,0
Salt-and-Pepper Noise,Adaptive Mean,7,High,3612.813910121475,12.552347684913466,55.17362928390503,0
Salt-and-Pepper Noise,Adaptive Median,7,High,3819.32850035882,12.310933472294398,128.18531608581543,0
